k-mer,count
ATCAT,10236
TCATC,12620
CATCG,11208
ATCGT,7507
TCGTT,7305
CGTTA,9138
GTTAA,9130
TTAAA,9660
TAAAA,11855
AAAAT,15363
AAATC,11748
AATCA,11840
ATCAG,13267
TCAGA,7371
CAGAT,10222
AGATT,6491
GATTA,8107
ATTAT,9962
TTATA,5403
TATAG,2793
ATAGT,3867
TAGTG,3343
AGTGT,3775
GTGTA,3565
TGTAG,3549
GTAGG,2351
TAGGA,1013
AGGAA,6938
GGAAT,7055
GAATA,8743
AATAA,12397
ATAAT,9945
TAATT,7791
AATTC,6929
ATTCG,6143
TTCGT,6491
CGTTT,11015
GTTTT,14046
TTTTT,20258
TTTTA,11520
TTTAC,9794
TTACG,7542
TACGA,3716
ACGAA,6425
CGAAC,6533
GAACC,5639
AACCA,10166
ACCAT,8935
CCATT,9567
CATTG,9212
ATTGA,9168
TTGAA,8426
TGAAG,9905
GAAGG,7155
AAGGA,4546
AGGAT,5779
GGATT,7548
GATTT,11659
ATTTG,8073
TTTGC,14098
TTGCG,10132
TGCGT,8251
GCGTC,9015
CGTCA,10098
GTCAT,8174
CATCA,15297
TCAGT,8132
CAGTG,8773
AGTGA,6548
GTGAT,9989
TGATG,15381
GATGA,12519
ATGAG,5295
TGAGA,4320
GAGAT,6187
AGATG,7280
TGAGT,5087
GAGTT,5343
AGTTT,8038
TTTTG,12906
TTTGA,8667
TTGAC,5319
TGACG,10189
GACGG,7603
ACGGC,9993
CGGCT,8078
GGCTG,12351
GCTGT,9874
CTGTA,5947
TGTAA,5296
GTAAG,4295
TAAGC,5481
AAGCG,9768
AGCGC,11932
GCGCT,12085
CGCTG,19027
GCTGA,14625
CTGAC,10867
GACGT,5551
ACGTG,4428
CGTGT,3905
GTGTG,4512
TGTGA,4909
GTGAC,6476
TGACC,8777
GACCC,2847
ACCCT,3635
CCCTA,1430
CCTAA,1938
CTAAG,1526
AAGCC,8386
AGCCC,5336
GCCCT,4817
CCCTG,7599
CCTGA,11564
CTGAT,13396
TGATA,9451
GATAA,12545
TAATC,8327
TCATA,5744
CATAG,3507
ATAGC,5922
TAGCT,2998
AGCTT,5333
GCTTA,5436
CTTAA,5243
TTAAG,5280
TAAGG,3815
AAGGT,6360
AGGTC,4242
GGTCA,8695
GTCAG,10713
TCAGG,11476
CAGGA,9715
ATTTC,10854
TTTCT,10955
TTCTG,11909
TCTGA,7482
CTGAG,4425
TGAGG,3893
GAGGG,2558
AGGGA,3934
GGGAT,6805
ATTAA,10612
TTAAT,10781
AATTA,7689
ATTAG,3126
TTAGG,1827
GGAAA,10924
GAAAA,15461
AAAAG,10681
AAAGT,7676
AAGTA,4223
AGTAA,6307
GTAAT,8601
TAATA,7305
AATTT,10811
TTTGT,9080
TTGTT,9847
TGTTG,10117
GTTGT,7466
TTGTC,6621
TGTCA,6497
CAGTC,5862
AGTCT,3021
GTCTG,8450
TCTGC,10945
CTGCG,12133
TGCGA,6247
GCGAT,13255
CGATG,11132
GATGT,8126
ATGTT,8441
TGTTT,10545
GTTTG,8904
TGTTA,6352
GTTAG,3279
TAGGC,2212
AGGCC,5554
GGCCA,6471
GCCAA,8293
CCAAT,5830
CAATA,9559
AATAT,11432
ATATT,11404
TATTT,10890
TTTCA,13870
TTCAA,8683
TCAAA,8795
CAAAA,13137
AAAAA,20578
AAATA,10940
AATCC,7764
ATCCA,8563
TCCAG,12340
CCAGT,11719
CAGTT,11360
TGTCG,7672
GTCGA,5977
TCGAC,6103
CGACA,7463
GACAA,6639
ACAAT,6987
AATTG,6919
ATTGC,11543
ATGAA,10730
GAAGA,10092
AAGAG,6020
AGAGA,5430
AGATA,6888
ATAAA,13668
TAAAT,9000
AAATT,10726
TAAAG,8461
AAGTT,6071
AGTTA,4891
TCATT,9336
CATTA,9044
ATTAC,8406
TACGC,8263
ACGCC,12397
CGCCA,19808
GCCAT,11508
CCATA,6062
CATAA,7718
AAATG,10239
AATGC,10687
ATGCG,9353
GCGAG,5689
CGAGG,3566
GAGGC,4261
AGGCG,9166
GGCGT,12548
CGTCT,5873
GTCTT,4616
TCTTC,10092
CTTCA,10132
TTCAG,13165
TTAGA,2043
TAGAA,2893
AGAAT,6676
GAATC,5988
AATCG,7909
ATCGA,8108
TCGAT,8083
CGATA,9837
AAAAC,14380
AAACA,10851
AACAG,11106
ACAGA,6237
CAGAA,11807
GAATG,7619
AATGG,9601
ATGGG,5200
TGGGT,5391
GGGTT,5603
GGTTA,7773
AAAGA,10067
GAGAG,3666
AGAGC,5022
GAGCG,6480
AGCGA,8875
GATAT,10185
ATATA,5257
TATAA,5445
AATAG,4559
TAGCG,5879
AGCGG,10220
GCGGC,14788
CGGCG,15738
GGCGG,13785
GCGGG,8647
CGGGT,7025
GGGTG,5353
GGTGC,9356
GTGCT,7175
TGCTT,7499
GCTTG,5018
CTTGA,3980
TTGAG,5831
AGGCT,5439
CTGTC,5935
TGTCT,4263
TCTGT,5932
CTCAA,5847
TCAAG,4016
CAAGT,2897
AAGTG,6348
GTGTC,4020
TGTCC,4108
GTCCC,2590
TCCCA,4296
CCCAA,3503
CCAAC,6598
CAACC,8064
AACCC,5683
ACCCG,7219
CCCGG,8115
CCGGA,11043
CGGAG,4730
GGAGC,4440
GAGCT,4181
AGCTG,8896
CTGAA,13299
TGAAC,9153
AACCG,9890
ACCGG,10651
CCGGC,11229
GTCTC,2607
TCTCA,4269
CAAGA,4057
AAGAA,9294
AGAAA,10868
GAAAG,9617
AAGTC,4370
AGTCG,4551
GTCGT,5719
TCGTG,5009
CGTGA,7629
GATAC,6142
ATACC,7605
TACCA,6606
CCATC,10178
CATCC,8612
TCCAC,6339
CCACT,5963
CACTG,8895
ACTGG,11924
CTGGT,12897
TGGTT,10231
GGTTG,7970
GTTGC,10781
TTGCA,8292
TGCAC,6312
GCACC,8982
CACCG,11989
ACCGC,11778
CCGCT,10377
CTGTT,10957
GTTGG,6564
TTGGC,8237
TGGCC,6412
ATCGC,13169
TCGCT,8973
CGCTA,5864
GCTAA,5260
CTAAT,3171
AATAC,8152
ATACA,4988
TACAG,5925
ACAGC,10010
CAGCG,18747
CGGCA,16169
GGCAA,13940
GCAAT,11599
TAATG,9050
AATGA,9036
GAGAA,6933
ATGCC,10835
TGCCT,7101
GCCTC,4273
CCTCC,3117
CTCCC,3430
TCCCG,6578
CCCGA,4514
CCGAG,3535
AGGCA,7166
GGCAT,10596
GCATC,11501
ATCAC,9915
TCACT,6560
ACTGC,8736
CTGCT,11424
TGCTA,3453
CTAAA,4196
CTAAC,3347
TAACG,9088
AACGG,9602
ACGGA,5228
CGGAA,9766
GGAAC,6711
GAACA,8743
AACAC,6754
ACACG,3889
CACGA,5103
ACGAC,5755
CGACT,4595
GACTT,4266
ACTTC,6850
CTTCC,8768
TTCCC,6930
CAACA,10261
GCGCC,13187
GCCAG,20317
CCAGC,20289
CAGCA,19225
AGCAC,7220
GCACA,6626
CACAC,4483
ACACC,7025
CACCA,13649
ACCAA,7137
CCAAG,2056
AGTGC,6130
GTGCA,6310
TGCAA,8326
GCAAA,14252
CAAAG,8352
AAAGG,7616
AAGGC,7225
CAATG,9003
AATGT,6580
ATGTC,5954
CAGTA,7838
AGTAG,2585
GTAGC,4921
TAGCC,4447
AGCCG,8088
GCCGC,15115
CCGCC,14055
CGCCG,15615
GCCGG,11261
CCGGG,8134
CGGGA,6539
GGATC,6309
GATCG,7988
TCGCC,14062
CGCCC,9133
GCCCA,6714
CCCAC,4897
CCACC,9565
CACCC,5468
CCCTT,4344
CCTTC,7110
CTTCG,7418
TTCGC,11197
TCGCG,9227
CGCGG,9330
GGGTA,5356
GGTAA,10221
ATCGG,8176
TCGGA,3111
CGGAT,8849
TCGGC,9440
GCATA,6450
TAGTT,3107
CCAGA,12054
GATAG,4589
ATAGA,3461
TAGAG,2208
GAGCA,7020
AGCAA,10693
TGCCG,16610
GGCAC,7568
CACAA,6321
CAATC,8054
ATCCC,6785
GGCGA,13973
ATAAC,9021
TAACT,4918
AACTG,11491
CTGGA,12720
TGGAA,9594
GAAAT,11021
TGCGG,10559
CGGCC,5477
GGCCT,5604
GCCTG,13458
CCTGG,9538
CTGGC,20672
TGGCG,19706
GCGTA,8081
CGTAA,7659
AAGCT,5426
GCTGG,20450
TGGCT,10135
GGCTA,4632
GCTAG,669
CTAGC,656
CGATC,8115
GATCC,6499
ATCCT,6064
TCCTT,4485
CCTTG,3837
CTTGC,6065
TGCAT,7375
AGTTC,6754
GTTCA,9302
TTCAC,10010
TCACG,7527
CACGT,4438
ACGTT,8311
GTTTA,8095
TTTAA,9876
TTAAC,9140
AACTT,6036
TTCCA,9533
TCCAA,2207
CCAAA,6662
CAAAC,9235
AAACC,10670
ACCGA,7585
CCGAC,6351
GACTA,2431
ACTAA,3014
TAACA,6358
ACAGG,7304
TACCG,10338
TCAGC,14632
GCGCG,13595
CGCGT,8990
CATTT,9980
ATTTA,8938
TTTAT,13447
TTATC,12561
TATCC,7735
TCCAT,6457
AGCAT,7822
GCATG,6724
CATGT,4895
GTTGA,9423
TTGAT,11680
TGATT,11950
TTTCG,9506
TTCGA,5452
TCGAG,3552
CGAGT,3206
GAGTG,4003
GTGAA,9771
TCTCC,5343
CTCCA,5236
TGCGC,14278
GCTAT,6065
CTATT,4526
TATTG,9242
ATTGG,5996
CCAGG,9347
GGATA,7298
ATGAT,10200
ATAAG,5458
TAAGA,3667
TGATC,8556
TAGCA,3352
AGCAG,11386
GCAGC,14294
TGTTC,8793
GTTCT,6577
TTCTT,9075
TCTTG,3951
CTTGT,3637
GATCT,5964
ATCTC,6340
ACACA,3964
GTCGC,8428
GATTG,8172
TTGCC,13675
TGCCC,7366
CCCAG,7751
CAGCC,12327
AGCCT,5397
GCCTT,7281
CGCGA,9327
ATAGG,2191
AAAGC,11726
AGCCA,9988
GGGAC,2319
GGACA,4013
CCCGC,8902
GCCGA,9281
CCGAT,8039
CGATT,7925
CGCCT,9162
GGCGC,13252
GCGCA,14098
CGCAG,12551
GCAGA,11092
CAGAC,8609
AGACT,3106
GACTG,6150
GCGAA,11045
AACCT,6441
ACCTT,6333
CAGCT,8890
AGCTC,4316
GCTCG,5103
CTCGC,5718
GCGTT,12745
AGACC,4076
GACCA,7751
CAGAG,6119
AGCGT,9825
GAATT,6799
CGAGA,4135
AGATC,6091
CCACG,7615
CACGC,9658
ACGCA,8451
CGCAA,9926
GCAAG,6118
CAAGG,3892
AGGTG,6397
GTGCG,7745
CGCAT,9315
CATAC,4906
TCACC,11917
CACCT,6399
ACCTA,2100
CCTAC,2380
CTACC,4232
ACCAC,9116
ATGGC,11501
GCCGT,9980
CCGTT,9701
CGTTC,8027
GTTCC,6681
TTCCG,9774
TCCGT,5395
CCGTC,7436
GTCAC,6304
CTGCC,12213
TGCCA,13286
GGCTC,3729
GCTCC,4563
CTTCT,6683
TCTTT,9851
CTTTC,9577
CAGGT,9900
AGGTA,4758
GGTAG,4173
GACGC,9241
CCGGT,10820
CGGTT,9871
GGTTC,5589
CTCCG,4720
TCCGG,11211
TTGGG,3398
TGGGA,4321
GACAC,3948
ACACT,3836
CACTT,6208
ACTTG,2743
TGAGC,6912
GCTCA,7009
TCAAC,9497
AACAA,10021
ACAAG,3660
AGAAC,6456
AACAT,8285
ACATG,4747
CATGC,6782
ATGCT,7914
TGCTG,18935
GCTGC,14278
CTATG,3504
TATGG,6009
ATGGA,6459
TGGAT,8645
GATCA,8626
ATCAA,11695
TCAAT,9195
ATGAC,8122
GTGCC,7635
ATACG,5470
TACGG,5788
GGCTT,8382
AGGAC,2806
GACAT,5764
ACATA,4416
CACGG,6641
GGCAG,12155
ACCGT,8832
CCGTA,5900
TTATT,12099
AAGAT,7745
GCAGT,8588
GGTCG,6401
TCGAA,5555
CGAAA,9586
GAAAC,9007
CTCTT,6016
GCGGT,11726
GTTAT,9127
GCTAC,4932
CCCAT,5224
CCATG,6339
CATGG,6207
ATGGT,8920
TGGTA,6659
GTAAA,9888
GGATG,8944
GATGG,10317
TGGGC,6734
GGGCG,8973
CGAAT,5985
ATGCA,7543
GCACG,6824
ACGGG,5546
AAACT,8141
AACTC,5336
ACTCT,3926
GCCAC,9419
ACCCA,5393
GTCCA,4037
TACAA,4477
CACTA,3370
ACTAC,3642
CTACG,3869
GACCG,6675
CCGCG,9428
CGGGC,8747
CAAAT,8266
TTTCC,10953
GCGAC,8455
GACTC,3097
ACTCA,5303
CTCAT,5488
GCTCT,5125
CTTTA,8557
TTTAG,4015
TTAGT,2899
TAGTC,2436
GTCGG,6488
GGAGA,5497
CTTTG,8417
TTTGG,6444
TTGGT,6995
TGGTC,7544
CAAGC,4999
TACCC,5425
GCCCC,4916
CCCCC,4163
CCCCA,4936
ACATC,8012
GTGTT,6526
GTTAC,6631
TTACT,6306
TACTG,7876
ACTGA,8317
TATCT,6880
TCTCG,4489
CTCGG,3824
TCGGT,7973
CGGTG,12350
GGTGG,9429
GTGGT,9245
TAGGT,2025
GGTGA,11829
GGTAT,7693
GTATG,4829
TATGC,6409
CCTTA,3832
CTTAC,4237
TACGT,4267
CGTGG,7657
GTGGG,4987
AAACG,11062
AACGC,12690
ACGCT,10082
ACATT,6612
ATTTT,15482
TATCG,9893
TAGAC,1557
ACCAG,12986
TCCCC,4755
GTTCG,6597
CTGGG,7750
ACGTC,5681
CGTCC,4819
GTCCT,2721
CCTTT,7693
CGCTT,9941
GTTTC,9321
TCCCT,4097
TGCAG,10771
GCAGG,12849
CAGGC,13643
CGCTC,6718
GCCCG,8847
ATCTG,9934
CGGTA,10456
GGTTT,10771
TTGTG,6180
TGTGG,6646
TGGTG,13650
GGTGT,7132
CCGAA,6724
AATCT,6604
GTCCG,4850
GGTCT,4090
TGACA,6542
CCCTC,2555
CCTCG,3640
CTCGA,3756
GAGTC,3057
CTCTC,3599
GGGCT,5444
TCTGG,12144
TGGAG,5153
AGCTA,2972
TGAAA,13745
ATTCT,6578
TTCTC,6946
CTCAC,4801
TTCCT,7037
TCCTG,9818
CCTGC,12435
CTGCA,10641
AGTTG,6218
GCGTG,9810
ATCTT,7635
TCTTA,3444
CTTAT,5297
TATAT,5304
ATATC,10375
TATCA,9391
TTATG,7767
GAGAC,2572
AGACG,5986
CGCAC,7556
ACGAG,3092
AGAAG,6930
ACGAT,7583
TGAAT,9429
TATGA,5697
AGTAC,4482
GTACT,4385
GCTTT,11796
GGCCC,3477
GACCT,4280
CTCGT,3094
CGTTG,9909
CCCCT,3346
CCTGT,7336
CGAAG,7642
GGTAC,5138
GTACA,4408
TACAC,3541
AGACA,4391
TATAC,3356
CATGA,7117
ACGCG,8894
GGGCA,7462
GCTTC,8936
TTCAT,10989
GTATT,7925
TATTC,8590
ATTCA,9581
CATTC,7741
AAGGG,4342
GGGAA,6922
CCCGT,5684
TTAGC,5173
CCCCG,4559
CGTAT,5385
TATGT,4406
ATGTA,4241
CGGGG,4468
GGGGC,4945
GTGAG,4660
CTATC,4719
GGGAG,3446
ACAAC,7509
CAACG,9879
AACGA,7183
ATCCG,9168
GATTC,5943
TGTAC,4444
GTACC,5262
GTATC,6253
TAACC,7838
CGGTC,6733
GTACG,5155
AACGT,8446
AAGCA,7547
ACCTG,9960
CTGTG,5756
TGTGC,6462
TGGCA,13465
AGTCA,5171
ATATG,6438
CTCTG,6218
CACTC,4125
ACTCC,3929
CTCCT,3578
TCCTC,4068
CCTCT,3584
CCGTG,6892
GTGGA,6230
TGGAC,4275
TCCGA,3257
ATTCC,6883
GAACT,6569
ACTGT,5436
AGTGG,6030
TGGGG,4874
GGGGG,2871
GGGGT,3078
TTACA,5215
TACAT,4206
GCAAC,10957
CGACC,6377
CCGCA,10569
AGGTT,6383
CCTAT,2219
CGCGC,13509
GATGC,11784
ACTTT,7579
TCTCT,5404
GAAGT,6832
CGTCG,8004
CAACT,6358
GGAAG,8550
TCCGC,8615
CCACA,6639
ACAAA,9298
TCATG,7200
TACTC,3773
ACTCG,3167
GAACG,7901
CGAGC,4965
CGACG,8207
ACGGT,8848
TTCGG,6504
GTGGC,9294
CATCT,7191
GCACT,6222
TAAAC,8099
TTTTC,15512
GAGGT,3491
ACAGT,5397
CACAG,5892
GTAGT,3578
GAGCC,3666
GCCTA,2265
CATAT,6564
CTTTT,10381
CAGGG,7704
AGGGC,4913
GGGCC,3452
TTGCT,10396
TTACC,9993
TCGTA,3858
GTAAC,6709
TCGGG,4487
GCATT,10471
ACGTA,4281
CGTAC,5136
CAATT,7031
GTAGA,3376
AGAGG,3588
CGTAG,3919
AGAGT,3968
TCGCA,6232
AAGAC,4834
GAAGC,8943
GGGTC,2942
GGACG,4875
GACGA,6850
GACAG,6037
GTCAA,5266
GGCCG,5344
TAAGT,3601
ACCCC,3155
ATTGT,6828
TTGTA,4358
TACTT,4228
CTTGG,1860
TACCT,4716
TCACA,5011
CACAT,5537
CGGAC,4777
GTATA,3320
GGTCC,2276
ATGTG,5379
GCGGA,8723
CGTGC,6945
ACTAT,3806
TTGGA,2233
GGAGT,3869
TGACT,5253
AACTA,3104
AGGGG,3389
GGGGA,4712
TGTAT,4838
AGGAG,3720
ATACT,4491
CCTAG,282
TATTA,7250
TCGTC,6640
ATCTA,2718
TCTAA,2022
TGCTC,7051
GTCTA,1570
TCTAT,3579
CTAGA,327
AGGGT,3747
TGTGT,3808
TCTAG,308
CTAGT,503
TAGTA,1962
AGTAT,4389
TTCTA,2856
GGACC,2333
GAGGA,3958
CTACA,3554
TACTA,2035
GAGTA,3728
ACTAG,487
CTATA,2923
ACTTA,3570
TCTAC,3450
CTCTA,2219
GGACT,2975
CCTCA,4017
CTAGG,259
AGTCC,2990
CTACT,2733
TCCTA,1025
GGAGG,3242
CTTAG,1516
CTCAG,4474
TAGGG,1374
ACCTC,3440
TAGAT,2559
GTTGn,1
TTGnA,1
TGnAA,2
GnAAG,1
nAAGT,1
CGGAn,1
GGAnC,1
GAnCG,2
AnCGT,1
nCGTG,1
GATGn,1
ATGnC,1
TGnCT,1
GnCTG,1
nCTGG,1
AAAAN,5
AAANN,9
AANNA,1
ANNAC,1
NNACT,5
NACTA,2
GGAAn,1
GAAnG,1
AAnGA,1
AnGAC,1
nGACA,1
ACGGN,5
CGGNN,14
GGNNN,37
GNNNN,112
NNNNN,15254
NNNNC,114
NNNCA,19
NNCAG,9
NCAGG,5
TTCTW,2
TCTWC,1
CTWCA,1
TWCAT,1
WCATT,1
GTTGN,2
TTGNN,4
TGNNN,23
NNNNG,106
NNNGG,32
NNGGC,12
NGGCG,3
TGAAW,1
GAAWC,1
AAWCA,1
AWCAG,1
WCAGC,1
CAATY,1
AATYG,1
ATYGT,1
TYGTT,1
YGTTT,1
TTAGY,1
TAGYT,1
AGYTT,2
GYTTA,2
YTTAC,1
AAGGN,2
AGGNG,1
GGNGA,2
GNGAA,3
NGAAG,3
GTCCN,3
TCCNG,2
CCNGC,3
CNGCA,1
NGCAA,4
CAAAa,1
AAAag,1
AAagg,1
Aaggc,1
aggca,1
ggcag,1
gcaga,1
cagat,1
agata,1
gatag,1
ataga,1
tagag,2
agaga,1
gagaa,1
agaaa,1
gaaaa,1
aaaag,1
aaagc,2
aagcc,1
agccc,1
gcccc,1
cccca,1
cccag,1
ccagt,1
cagtt,1
agtta,1
gttaa,1
ttaac,1
taaca,1
aacat,1
acatt,1
catta,1
attaC,1
ttaCG,2
taCGC,2
aCGCG,2
CACTM,1
ACTMT,1
CTMTC,1
TMTCC,1
MTCCA,1
TGCGN,2
GCGNN,6
CGNNN,27
NNNNT,70
NNNTC,16
NNTCA,7
NTCAC,4
TGATK,2
GATKG,2
ATKGA,2
TKGAA,2
KGAAA,1
ATGAN,5
TGANT,2
GANTG,1
ANTGA,1
NTGAA,2
GCTAN,1
CTANN,3
TANNN,19
ANNNN,83
NNNNA,80
NNNAG,18
NNAGG,8
NAGGA,2
GCCCN,2
CCCNN,5
CCNNN,32
CNNNN,105
NNGGT,7
NGGTC,3
CTAGN,1
TAGNN,3
AGNNN,32
NNNCT,35
NNCTC,7
NCTCA,2
TTGTN,2
TGTNN,4
GTNNN,18
TNNNN,70
NNNAC,14
NNACG,3
NACGT,1
GACGN,4
ACGNN,7
NNCTT,7
NCTTG,2
GGCAN,2
GCANN,7
CANNN,19
NNNGC,34
NNGCT,6
NGCTA,4
TTCAR,1
TCART,1
CARTC,1
ARTCC,1
RTCCG,1
TTGCN,5
TGCNT,1
GCNTC,2
CNTCC,2
NTCCA,1
TGTAM,1
GTAMA,1
TAMAT,1
AMATG,1
MATGC,1
ATCGK,2
TCGKC,2
CGKCG,1
GKCGC,2
KCGCA,1
AGAAR,1
GAART,1
AARTG,1
ARTGT,1
RTGTG,1
CTAAR,1
TAARA,1
AARAC,1
ARACG,1
RACGT,1
ACCCW,1
CCCWG,1
CCWGT,1
CWGTC,1
WGTCA,1
AATTM,1
ATTMA,2
TTMAT,2
TMATT,2
MATTT,2
CGCGN,5
GCGNT,3
CGNTG,4
GNTGT,3
NTGTA,1
TAATR,1
AATRC,2
ATRCA,1
TRCAC,2
RCACA,2
CGCCN,6
GCCNG,1
CCNGG,2
CNGGT,3
NGGTG,5
TTAAS,1
TAASC,1
AASCA,1
ASCAG,1
SCAGT,1
GGTGN,4
GTGNT,1
TGNTG,1
GNTGA,1
NTGAC,1
TGTNT,1
GTNTG,1
TNTGT,1
NTGTG,2
CTTAN,3
TTANN,7
NNNCC,36
NNCCG,16
NCCGG,6
GNNNT,1
NNNTT,27
NNTTA,5
NTTAG,3
ACTGN,5
CTGNN,12
NNCAA,5
NCAAT,4
CGAGY,1
GAGYT,1
GYTTT,3
YTTTA,2
GCCCR,1
CCCRG,1
CCRGG,2
CRGGT,2
RGGTC,1
TTTGN,1
TTGNC,1
TGNCC,2
GNCCC,2
NCCCG,5
CAGAN,4
AGANN,6
GANNN,24
NNNTG,16
NNTGC,5
NTGCC,2
TAAGN,4
AAGNN,7
NNTTT,9
NTTTT,5
CCTGN,7
NNNGA,22
NNGAG,6
NGAGT,3
GAACN,4
AACNN,10
ACNNN,29
NNGCA,10
NGCAT,7
AGTGN,2
GTGNC,1
TGNCT,1
GNCTA,1
NCTAC,2
ACCAR,1
CCART,1
CARTT,1
ARTTA,1
RTTAA,1
TTCGK,1
CGKCC,1
GKCCA,1
KCCAA,2
AGCAN,3
NAGGT,3
GGGTN,1
GGTNT,1
GTNTC,2
TNTCA,1
NTCAG,1
AACCn,1
ACCnA,1
CCnAC,1
CnACC,1
nACCG,1
CCCTN,3
CCTNN,3
CTNNN,6
NNNAA,33
NNAAA,16
NAAAA,11
CGTGN,1
GTGNN,5
NNGAT,6
NGATA,2
AAAGN,3
NNGCC,9
NGCCG,5
GATAN,3
ATANA,1
TANAG,1
ANAGC,1
NAGCC,1
CGGCN,5
GGCNA,2
GCNAT,4
CNATA,3
NATAT,5
GCCAc,1
CCAcc,1
CAccC,1
AccCA,1
ccCAC,1
cCACA,1
TATCW,1
ATCWG,2
TCWGT,1
CWGTT,1
WGTTC,1
AGAAK,1
GAAKG,1
AAKGT,1
AKGTT,1
KGTTT,1
GACGS,1
ACGST,1
CGSTC,1
GSTCG,1
STCGT,1
CCACK,1
CACKG,1
ACKGG,1
CKGGT,1
KGGTC,1
ATCAK,1
TCAKC,1
CAKCC,1
AKCCG,2
KCCGT,3
GATCN,2
ATCNC,2
TCNCT,1
CNCTG,2
NCTGA,8
CAACN,5
NNGGA,6
NGGAT,4
GGAAN,1
GAANC,2
AANCC,1
ANCCT,1
NCCTC,2
CCGCN,8
CGCNN,12
GCNNN,32
NACGA,1
CCGAN,1
CGANC,1
GANCA,1
ANCAC,1
NCACT,3
ACCGM,1
CCGMC,1
CGMCA,1
GMCAC,1
MCACA,1
TTCCN,3
TCCNN,8
NNGAC,5
NGACG,1
GGAGN,1
GAGNN,6
NCCGT,6
TCATN,4
CATNN,6
ATNNN,27
NNTCG,4
NTCGA,3
CGCTn,1
GCTnC,1
CTnCC,1
TnCCT,1
nCCTG,1
GTTTY,1
TTTYT,1
TTYTT,1
TYTTG,1
YTTGC,1
CCGTY,1
CGTYT,1
GTYTT,2
TYTTT,4
YTTTT,1
GTAAN,3
TAANN,8
AANNN,22
NNCTG,16
CCGGN,5
GNNNG,3
NNGGG,7
NGGGT,2
TCTWA,1
CTWAG,1
TWAGC,1
WAGCA,1
CCAGS,1
CAGSA,1
AGSAA,1
GSAAC,1
SAACC,1
TGACN,3
GACNT,1
ACNTT,2
CNTTC,1
NTTCC,1
CCCCN,1
NGGTT,3
GCAAK,1
CAAKC,1
AAKCA,2
AKCAG,2
KCAGG,2
GCCNN,11
NCCGA,5
GCCGM,2
CCGMG,2
CGMGT,1
GMGTT,1
MGTTG,1
NNCCA,10
NCCAT,5
TCACN,5
CACNN,7
NNCCC,8
NCCCT,1
GTTTK,1
TTTKC,1
TTKCC,1
TKCCA,2
KCCAC,1
TGTCa,1
GTCat,1
TCatc,1
Catcg,1
atcgt,1
tcgtC,1
cgtCA,1
gtCAC,1
tCACT,1
CCTGY,1
CTGYA,1
TGYAK,1
GYAKT,1
YAKTA,1
AKTAC,1
KTACA,1
AGAAW,1
GAAWT,1
AAWTT,1
AWTTA,1
WTTAA,1
CAGTR,2
AGTRW,1
GTRWA,1
TRWAT,1
RWATT,1
WATTA,1
CCCGN,1
CCGNN,4
NCCCA,3
AATGM,1
ATGMT,1
TGMTT,1
GMTTG,1
MTTGA,2
ATKGT,1
TKGTA,2
KGTAA,1
GCTAW,1
CTAWT,1
TAWTC,1
AWTCG,1
WTCGC,1
NAAAG,3
GTGGR,1
TGGRA,1
GGRAC,1
GRACG,1
RACGG,1
CACCR,1
ACCRA,1
CCRAG,1
CRAGA,1
RAGAT,1
NNNGT,24
NNGTA,7
NGTAC,4
GCGAN,2
CGANN,5
NNTTG,7
NTTGG,1
GACNN,6
NNGTT,5
NGTTG,2
TATTN,3
ATTNN,5
TTNNN,20
NCTGG,5
GGATR,1
GATRA,1
ATRAA,1
TRAAT,1
RAATA,1
GGGCN,2
GGCNT,2
GCNTG,1
CNTGT,1
NTGTC,1
TCAAK,1
CAAKA,1
AAKAA,1
AKAAC,1
KAACA,1
ATTTW,1
TTTWC,1
TTWCC,1
TWCCT,1
WCCTG,1
AGAGM,1
GAGMT,2
AGMTG,1
GMTGC,1
MTGCT,1
TATTR,1
ATTRT,1
TTRTT,1
TRTTG,2
RTTGA,1
CGTAK,1
GTAKC,1
TAKCC,1
AKCCC,1
KCCCT,1
ACATY,1
CATYG,1
ATYGA,2
TYGAT,2
YGATT,1
TATGY,1
ATGYT,1
TGYTC,1
GYTCC,1
YTCCA,1
CGACN,5
GACNG,1
ACNGT,1
CNGTA,2
ACAGN,3
CAGNT,3
AGNTC,1
GNTCT,1
NTCTT,2
CCACY,1
CACYA,1
ACYAT,1
CYATT,1
YATTC,1
ATTTY,1
TTTYA,1
TTYAA,1
TYAAG,1
YAAGC,1
TCCGK,1
CCGKC,1
CGKCT,1
GKCTT,1
KCTTA,1
GTACN,6
TACNN,8
NCCAC,1
TACGN,3
NNCTA,5
NCTAT,3
GCTGR,2
CTGRA,1
TGRAA,1
GRAAG,2
RAAGT,1
TAGCS,1
AGCSG,1
GCSGA,1
CSGAC,1
SGACA,1
CACAN,1
ACANN,6
CCTTN,1
CTTNC,1
TTNCG,1
TNCGG,2
NCGGC,7
CNGGA,1
NGGAA,3
AGCCN,2
GCCNC,2
CCNCA,2
CNCAG,2
TAACR,2
AACRC,2
ACRCT,1
CRCTA,1
RCTAT,1
TGCTY,1
GCTYT,1
CTYTT,1
YTTTG,2
CGCCY,1
GCCYG,1
CCYGT,1
CYGTA,2
YGTAG,1
TCCGW,1
CCGWC,1
CGWCC,1
GWCCC,1
WCCCC,1
CCTGW,1
CTGWC,1
TGWCG,1
GWCGC,1
WCGCC,1
GAAGR,1
AAGRA,2
AGRAT,1
GRATT,1
RATTC,1
CGTTM,2
GTTMC,1
TTMCA,1
TMCAC,1
MCACT,1
TTGCM,1
TGCMA,1
GCMAG,1
CMAGA,1
MAGAT,1
CCCCc,1
CCCca,1
CCcat,1
Ccata,1
cataa,1
ataac,1
taact,1
aactg,1
actgc,1
ctgcc,1
tgcca,1
gccac,1
ccaca,1
cacat,1
acatc,1
catca,1
atcaa,1
tcaaa,1
caaaa,1
aaaaa,1
aaaat,1
aaatt,1
aattg,1
attgt,1
ttgta,1
tgtaC,1
gtaCT,1
taCTC,1
aCTCA,1
CATCR,1
ATCRT,1
TCRTT,1
CRTTT,1
RTTTT,1
AAATN,10
AATNN,14
CGCAN,4
GAGAN,3
NNNTA,13
NNTAT,4
NTATC,3
GGCAY,1
GCAYA,1
CAYAT,1
AYATT,1
YATTG,1
TGTGM,1
GTGMC,1
TGMCA,1
GMCAT,1
MCATT,1
ACGAN,2
CGANG,1
GANGA,1
ANGAG,1
NGAGA,2
TACAK,1
ACAKG,1
CAKGG,1
AKGGC,1
KGGCG,1
TGTTK,1
GTTKC,1
TTKCG,1
TKCGC,1
KCGCG,1
GCGCN,3
CTGCY,1
TGCYA,1
GCYAR,1
CYARR,1
YARRC,1
ARRCY,1
RRCYA,1
RCYAT,1
CYATA,1
YATAC,1
CCCGY,2
CCGYT,2
CGYTT,2
YTTTC,2
ATGAS,1
TGASA,1
GASAG,1
ASAGA,1
SAGAG,1
CATCN,3
ATCNN,6
TCNNN,18
NTTTC,2
GTTCY,1
TTCYC,1
TCYCC,1
CYCCG,1
YCCGC,2
CCGCK,1
CGCKG,1
GCKGC,1
CKGCC,1
KGCCT,1
GTAAc,1
TAAcg,1
AAcgg,1
Acggg,1
cgggt,1
gggtC,1
ggtCA,2
gtCAG,1
tCAGG,1
TCAGN,5
CAGNN,16
NNGTC,5
NGTCA,2
GCGCt,1
CGCta,1
GCtaC,1
CtaCT,1
taCTG,1
aCTGT,1
TGAAY,3
GAAYG,3
AAYGA,1
AYGAC,1
YGACG,1
GACGW,1
ACGWG,1
CGWGG,1
GWGGA,1
WGGAT,1
GAAAR,1
AAARC,2
AARCT,1
ARCTA,1
RCTAC,1
TGTGY,1
GTGYT,1
TGYTT,1
GYTTG,1
YTTGG,1
TAGCW,1
AGCWG,1
GCWGA,1
CWGAC,1
WGACT,1
ACCGK,1
CCGKG,1
CGKGT,1
GKGTC,1
KGTCA,1
AGGCW,1
GGCWG,1
GCWGG,1
CWGGG,2
WGGGC,1
CATAY,1
ATAYY,1
TAYYC,1
AYYCC,1
YYCCW,1
YCCWC,1
CCWCC,1
CWCCG,1
WCCGG,1
ACTCt,1
CTCtT,1
TCtTT,1
CtTTT,3
tTTTT,4
TGCCc,1
GCCcg,1
CCcgg,1
Ccggt,1
cggtC,1
gtCAT,1
tCATA,1
GCCAN,2
CCANT,2
CANTA,1
ANTAC,1
NTACG,2
TCTTN,2
CTTNN,2
NTTGT,2
GTTCN,4
TTCNN,7
NAGGG,2
TTCAN,2
TCANN,4
NNNAT,18
NNATC,4
NATCC,1
GCTTR,2
CTTRC,1
TTRCC,1
TRCCT,1
RCCTG,2
NGCAG,1
ACGCR,1
CGCRG,1
GCRGT,1
CRGTG,1
RGTGG,1
AGACN,2
GACNC,1
ACNCT,1
NCTGT,5
GATCK,1
ATCKT,1
TCKTC,1
CKTCA,1
KTCAT,1
GATGN,3
ATGNN,2
TGGAN,4
GGANN,5
NCCGC,3
CCACN,3
CACNC,1
ACNCG,1
CNCGG,2
TATCK,1
ATCKG,1
TCKGT,1
CKGTA,1
KGTAC,1
TAGTc,1
AGTca,1
GTcaC,1
TcaCC,1
caCCG,2
aCCGC,1
TCCCN,2
NCTTC,3
CCAGN,4
AGNTT,1
GNTTT,2
GTGGW,1
TGGWC,1
GGWCT,1
GWCTG,1
WCTGT,1
GAGTN,2
AGTNA,3
GTNAT,3
TNATC,4
NATCA,7
ACGAn,1
CGAnC,1
AnCGC,1
nCGCT,1
NTCAT,1
ATTNA,1
TTNAC,1
TNACC,2
NACCC,1
CCCAn,1
CCAnT,1
CAnTC,1
AnTCC,1
nTCCA,2
CGCNC,1
GCNCG,2
CNCGC,2
NCGCG,3
CACCN,4
ACCNN,8
NGGGC,2
ATATY,2
TATYT,1
ATYTG,1
TYTGG,1
YTGGA,1
GGCCn,1
GCCnG,1
CCnGT,1
CnGTG,1
nGTGG,1
AAGTN,4
NATCG,2
GGTTR,1
GTTRG,1
TTRGC,1
TRGCT,1
RGCTT,2
CCATK,1
CATKG,1
KGAAG,1
GGCNN,5
NNAAC,5
NAACC,1
CGGTN,1
GGTNN,5
NTCGG,2
ATTCR,1
TTCRC,1
TCRCC,2
CRCCC,2
RCCCA,1
CTGGN,6
TGGNN,10
GNNNA,2
TCTTW,1
CTTWC,1
TTWCT,1
TWCTG,1
WCTGC,1
TCAGY,3
CAGYA,3
AGYAT,1
GYATT,1
YATTA,1
NNNCG,28
NNCGA,3
NCGAT,2
ATAGN,2
TAGNG,2
AGNGC,2
GNGCT,2
NNGCG,11
NGCGC,5
ATAAK,1
TAAKC,2
CGCTt,1
GCTtc,1
CTtcc,1
Ttccg,1
tccgc,1
ccgcT,1
cgcTT,1
gcTTG,1
cTTGG,1
ATCTN,4
TCTNC,4
CTNCC,2
TNCCT,1
NCCTT,2
AAACR,4
AACRT,3
ACRTG,2
CRTGA,2
RTGAT,2
TTCCt,2
TCCtT,2
CCtTA,2
CtTAA,1
tTAAT,1
CtTAG,1
tTAGG,1
GCTCY,1
CTCYG,1
TCYGC,1
CYGCG,2
YGCGG,1
AAAAR,1
AARCC,1
ARCCT,2
GTCGN,3
TCGNN,11
NNAGT,5
NAGTA,1
CGTAN,2
GTANN,5
NCTCG,3
GTAAY,1
TAAYC,1
AAYCG,1
AYCGC,1
YCGCA,1
CAGTa,1
AGTaA,1
GTaAA,1
TaAAA,1
aAAAA,3
TGACY,1
GACYG,1
ACYGC,2
YGCGC,2
NGAGG,1
CGAAN,4
GAANN,2
NNCGT,9
NCGTT,1
NGATG,4
GCAGM,1
CAGMT,1
AGMTT,2
GMTTA,1
MTTAT,1
NGGCA,7
TTGAN,3
TGANN,8
NTTAA,3
NNATG,3
NATGC,1
ACTAn,1
CTAnG,1
TAnGC,1
AnGCG,1
nGCGC,1
NNATA,6
NATAC,3
GTTMT,1
TTMTT,1
TMTTG,1
GTGCN,3
TGCNG,2
GCNGG,2
CTGCa,1
TGCaA,1
GCaAA,1
CaAAA,1
GGCGg,1
GCGgt,1
CGgtt,1
GgttT,1
gttTA,1
ttTAA,1
tTAAC,1
TGTGR,1
GTGRT,1
TGRTT,1
GRTTA,1
RTTAT,1
TGCGc,1
GCGcc,1
CGccg,1
Gccgc,1
ccgcc,1
cgccT,1
gccTG,1
ccTGA,1
cTGAA,1
NCTAA,1
TGCNN,8
NCTCT,1
GCGTN,3
CGTNN,5
NNGAA,6
NGAAC,3
NNCGG,9
AATGY,1
ATGYG,1
TGYGC,1
GYGCT,1
YGCTG,1
ATTTN,1
TTTNN,9
NNTGT,3
GCAGN,9
NCCAG,8
GCTCN,1
CTCNN,4
CCATY,2
CATYA,2
ATYAC,2
TYACT,2
YACTG,2
GGCCY,2
GCCYR,2
CCYRC,2
CYRCT,2
YRCTG,2
RCTGC,2
GCCGY,3
CCGYA,2
CGYAG,2
GYAGA,2
YAGAT,2
CCAGY,3
CAGYG,2
AGYGC,2
GYGCA,3
YGCAC,2
GGCCK,1
GCCKA,1
CCKAT,1
CKATT,2
KATTG,1
CTTCN,2
NGCGT,4
TCAGR,1
CAGRC,1
AGRCG,1
GRCGT,1
RCGTT,1
GATTN,1
NNAGC,2
NAGCT,1
GGGGY,1
GGGYT,1
GGYTT,1
YTTAT,1
GTACt,2
TACtg,2
ACtgt,1
CtgtA,1
tgtAT,1
gtATC,1
tATCC,1
ATGTN,2
NGGCC,2
TACAN,4
NNTGA,5
NTGAT,4
CTGCN,3
NGTTT,2
GTATN,4
TATNN,4
NNTAG,4
NTAGC,1
TGCCN,6
AGCGN,4
ATCCN,4
CNNNG,3
NGGGA,4
TTCTN,2
TNCCA,1
GTTTN,3
ATCGN,4
NGCCA,4
GANTT,2
ANTTG,1
NTTGC,2
NNAAT,7
NAATT,3
NNAAG,5
NAAGC,1
NAATA,1
TGTGN,2
TGTAN,2
NTAGT,2
NGTCC,3
GGCGY,1
GCGYT,2
CGYTG,3
GYTGA,1
YTGAT,1
ATGTW,1
TGTWG,1
GTWGA,1
TWGAA,1
WGAAT,1
GTGGN,4
NNGTG,7
NGTGA,3
AGTNN,4
TACTK,1
ACTKC,1
CTKCG,1
TKCGA,1
KCGAA,1
ACCGS,1
CCGST,1
CGSTA,1
GSTAA,1
STAAC,1
CTACK,1
TACKT,1
ACKTC,1
CKTCC,1
KTCCT,1
CAGCN,7
AGCNC,2
GCNCA,1
CNCAA,1
NCAAG,1
TGATN,2
GATNN,4
TAATK,1
AATKC,1
ATKCC,1
NTAGG,1
NGCCT,5
TGAAM,1
GAAMG,1
AAMGA,1
AMGAG,1
MGAGC,1
AAGGg,1
AGGgc,1
GGgcT,1
GgcTG,1
gcTGG,2
cTGGC,1
NGTAG,1
CAGGM,1
AGGMT,1
GGMTA,1
GMTAT,1
MTATG,1
CCGGt,1
CGGta,1
GGtat,1
Gtatt,1
tattG,1
attGC,1
ttGCC,1
tGCCG,1
GCATY,1
CATYC,1
ATYCG,1
TYCGG,1
YCGGC,2
GATAY,1
ATAYG,1
TAYGC,1
AYGCG,2
TGCAt,1
GCAtc,1
CAtcc,1
Atccg,1
tccgG,1
ccgGC,1
cgGCG,1
gGCGA,1
CTACY,1
TACYG,1
ACYGA,1
CYGAG,1
YGAGT,1
CAGNC,1
AGNCG,1
GNCGT,1
NCGTA,2
AACAR,1
ACARC,1
CARCA,2
ARCAA,1
RCAAC,1
TTCGN,6
NCAAA,3
NTCGT,1
ACCNG,2
CNGCT,3
TCCAN,1
CCANG,1
CANGG,1
ANGGC,1
GCNCC,1
CNCCA,2
GATTM,1
TTMAC,1
TMACT,1
MACTG,1
ATGAY,1
TGAYG,1
GAYGC,1
YGCGA,1
CTTGN,1
AGGGN,6
GGGNN,10
TACCN,1
GGAGM,1
GMTTT,1
MTTTT,1
GCTGN,2
CTGNT,1
TGNTT,1
GNTTG,1
NTTGA,6
AGGTN,4
TTCAY,1
TCAYC,1
CAYCA,1
AYCAT,1
YCATC,1
NGTGG,2
TAAGY,1
AAGYA,1
AGYAC,2
GYACC,1
YACCA,1
GGTTN,1
GTTNN,4
NNTAC,1
NGCTT,4
GCAAN,3
CAANC,2
AANCG,3
ANCGC,3
NCGCT,4
ACAAN,2
ACAAg,1
CAAgt,1
AAgtt,1
Agtta,1
gttag,1
ttagA,1
tagAA,1
agAAA,1
gAAAT,1
TGCCR,1
GCCRG,1
RGGTT,1
CTNCG,1
NCGGT,4
AGATN,2
GATNC,1
ATNCT,1
TNCTT,1
TGAGN,4
NCGTG,5
GAGCN,1
AGCNN,7
NNTAA,4
NTAAA,3
NNTCT,3
NTCTA,1
GGTCa,1
GTCag,1
TCagg,1
Cagga,1
aggaA,1
ggaAG,1
gaAGT,1
aAGTG,1
AGYAA,1
GYAAC,1
YAACC,1
GGTAN,2
CGCNG,2
NCTTA,1
ACRTC,1
CRTCA,1
RTCAA,1
AATTN,2
CTCTa,1
TCTaT,1
CTaTT,1
TaTTT,1
aTTTA,1
GCGAg,1
CGAgc,1
GAgct,1
Agctt,1
gcttA,1
cttAT,1
ttATC,1
tATCT,1
AAGGM,1
AGGMG,1
GGMGA,1
GMGAA,1
MGAAT,1
CGTCN,1
GTCNT,1
TCNTG,1
CNTGG,1
NTGGT,3
GAATN,8
AATNA,1
ATNAC,1
NACCA,2
GCCGN,2
CCATN,3
CGGCR,2
GGCRT,1
GCRTA,1
CRTAA,1
RTAAC,2
ACGCN,4
CGCNA,1
CNATC,2
NNCGC,7
NCGCA,5
AAACt,1
AACta,1
ACtaa,1
Ctaat,1
taatA,1
aatAG,1
atAGT,1
tAGTG,1
ACCAY,1
CCAYC,1
CAYCG,1
AYCGG,1
NNACA,4
NACAA,3
NTGCA,4
CCTGt,1
CTGtT,1
TGtTT,1
GtTTT,1
NGTTA,2
AATNT,3
ATNTC,1
TNTCC,1
NTCCG,2
AATNC,2
ATNCG,1
TNCGA,1
NCGAA,1
NATGG,1
AAACN,3
ACNNG,1
CNNGA,1
NACTT,3
GTGNG,1
TGNGA,2
GNGAC,2
NGACT,4
TGGCN,2
CTAAK,1
AAKCC,1
AGCCa,1
GCCag,1
CCaga,1
Cagat,1
agatG,1
gatGG,1
atGGC,1
tGGCT,1
ACANC,1
CANCA,1
ANCAT,1
NCATT,1
AAYGG,2
AYGGC,1
YGGCC,1
TATTK,2
ATTKG,3
TTKGT,1
KGTAT,1
ATCGc,1
TCGcc,1
CGcct,1
GcctG,1
cctGG,1
ctGGA,1
tGGAG,1
ACTAN,2
NAAAT,2
ATGCN,2
NTTTA,3
GCATa,1
CATaa,1
ATaaa,1
Taaag,1
aaagT,1
aagTT,1
agTTA,1
gTTAA,1
GAAGK,1
AAGKG,1
AGKGA,1
GKGAA,1
KGAAC,1
NNCAC,4
ACCTN,1
NNTGG,4
NTGGG,2
TCATg,1
CATgc,1
ATgct,1
Tgctg,1
gctgT,1
ctgTT,1
tgTTG,1
gTTGT,1
GTGGY,1
TGGYG,2
GGYGG,1
GYGGC,1
YGGCG,1
TCTNT,2
CTNTT,2
TNTTC,2
NTTCT,6
TGANG,1
GANGC,1
ANGCC,3
GTGTM,1
TGTMC,1
GTMCC,1
TMCCG,2
MCCGC,1
TGAAN,3
GAANG,2
AANGT,1
ANGTA,1
NGTAT,4
GCGGN,6
NGGCT,1
ACATN,1
NNATT,5
NATTA,1
AGTCK,1
GTCKR,1
TCKRT,1
CKRTG,1
KRTGA,1
RTGAC,1
TTKGG,1
TKGGT,1
KGGTG,2
AAGCR,1
AGCRC,1
GCRCA,2
CRCAT,2
RCATC,1
NAATG,1
TCGAN,2
NCTTT,2
GTAGN,1
NCAGT,1
GTAGY,1
TAGYG,1
AGYGT,1
GYGTC,1
YGTCG,1
NTCAA,2
TCNCG,1
CGGNT,2
GGNTT,1
NTTTG,1
NATTT,2
NACTG,2
NNCCT,5
NCCTG,3
TGATY,1
GATYT,2
ATYTK,1
TYTKG,1
YTKGA,1
TKGAT,1
KGATC,1
CCGTN,3
NNAGA,3
NAGAA,2
CGGGN,2
CAAAM,1
AAAMA,1
AAMAT,1
AMATA,1
MATAA,1
GATTK,1
TTKGC,1
TKGCT,1
KGCTT,1
TGATR,2
GATRC,2
ATRCC,2
TRCCG,2
RCCGC,1
GGCGN,2
GCGNG,2
CGNGC,2
NGCTG,3
CNNNT,1
GGTAY,1
GTAYG,1
TAYGT,1
AYGTG,1
YGTGG,1
CCCNA,1
CCNAC,1
CNACG,2
NACGC,1
ATCAN,1
NATTG,2
TGCNA,1
GAAAN,5
NAAAC,2
CTAAN,1
NGAAT,2
NGAAA,3
GACCN,5
ACCNC,1
NCAGC,3
AGNGG,1
GNGGG,1
TGTCK,1
GTCKG,1
TCKGC,1
CKGCG,1
KGCGY,1
GYTGC,2
YTGCA,2
CTNTC,1
TNTCG,1
NTCGC,3
NAGTT,4
TAGTN,1
AGTNG,1
GTNGA,1
TNGAA,1
TTCNG,1
TCNGC,1
CNGCG,1
TTCCM,1
TCCMG,1
CCMGG,2
CMGGT,1
MGGTT,1
TCTCN,3
ACAAY,1
CAAYA,1
AAYAA,1
AYAAA,1
YAAAG,1
ATGGY,1
GGYGA,1
GYGAT,1
YGATA,1
CCTGM,1
CTGMA,2
TGMAG,1
GMAGG,1
MAGGT,1
CATNT,1
ATNTA,2
TNTAA,1
NTAAT,1
TGTGn,1
GTGnA,1
GnAAA,2
nAAAG,1
AGNTG,2
NTGTT,4
TTTAN,3
CGTTN,2
ATTCN,1
NGTGT,1
GTTAN,1
TCTNG,1
CTNGC,2
TNGCA,1
GCCNT,1
CCNTC,1
CNTCG,2
CGMGA,1
GMGAT,1
MGATC,1
ACCAa,1
CCAac,1
CAact,1
Aactg,1
actgG,1
ctgGC,1
tgGCG,1
gGCGG,1
NNTTC,6
NTTCG,2
ACCCR,1
CCCRC,1
CCRCG,1
CRCGG,2
RCGGT,1
AACGN,2
CCTGS,1
CTGSC,1
TGSCG,1
GSCGA,1
SCGAT,1
ATAAN,3
GCAGY,1
GYACA,1
YACAG,1
CTGTN,1
TGTNG,1
GTNGC,1
TNGCG,2
NCGTC,2
AATAa,1
ATAaa,1
TAaag,1
Aaagg,1
aaggC,1
aggCA,1
ggCAA,1
gCAAT,1
CAGYC,1
AGYCT,1
GYCTG,1
YCTGG,1
TGGGN,3
GCGNC,2
CGNCG,1
GNCGG,1
NCGGG,3
NATGA,1
ATANN,5
NGCGG,4
CGTNA,1
GTNAC,1
TNACT,1
CCCGR,1
CCGRC,1
CGRCT,1
GRCTG,1
RCTGA,1
ACCAN,2
CANTT,1
ANTTA,2
NTTAT,1
GTGTN,1
NGCAC,2
RCCGA,1
AGCGg,1
GCGga,1
CGgaG,1
GgaGC,1
gaGCC,1
aGCCA,1
CAGTN,3
GGATN,1
CAGNA,1
AGNAC,1
GNACA,2
NACAT,2
GTCTN,2
CTNCA,1
TNCAA,2
NCAAC,2
NGTGC,1
ATCNG,1
TCNGT,1
CTTRT,1
TTRTA,1
TRTAC,1
RTACG,1
GACAN,1
NAATC,2
CGATY,1
ATYTT,1
TTAGN,2
GGCCN,1
GCCAK,1
CCAKT,1
CAKTT,1
AKTTC,1
KTTCA,1
TTTCN,2
TCNNC,1
CNNCC,2
AGCTN,1
GCTNT,1
TNTTG,1
CGCTN,1
GCTNN,1
CACGn,1
ACGnC,1
CGnCC,1
GnCCA,1
nCCAT,1
CCNCC,1
TGGCt,1
GGCtT,1
GCtTT,2
AATCt,1
ATCtt,1
TCtta,1
Cttaa,1
ttaaC,1
taaCC,1
aaCCA,1
aCCAC,1
AGANC,1
GANCC,1
ANCCG,1
GCNGC,1
TTCNC,1
TCNCC,1
CNCCG,1
AAGCN,1
CCAAN,1
CAANN,4
CNNNC,1
CCANN,3
GTGNA,1
TGNAC,2
GNACT,1
CGATM,1
GATMC,1
ATMCC,1
MCCGT,1
TTCAc,1
TCAct,1
CActg,1
Actgc,1
ctgcC,1
tgcCT,1
gcCTG,1
cCTGA,1
GTCAR,1
TCARC,2
CARCC,2
ARCCA,1
RCCAG,2
TATAN,1
ATANC,1
TANCC,1
ANCCA,1
CACNA,1
ACNAC,1
NACGG,2
CGCTM,1
GCTMT,1
CTMTT,1
TMTTA,1
MTTAC,1
TTAAN,1
NTGGC,2
GAANA,2
AANAT,1
ANATA,1
NATAA,2
GCAGK,2
CAGKC,2
AGKCG,1
KCGCT,1
CGGNG,2
GGNGC,1
GNGCG,1
CCGGW,1
CGGWA,1
GGWAT,1
GWATG,1
WATGC,1
TGGTS,1
GGTSA,1
GTSAG,1
TSAGG,1
SAGGC,1
NAAGA,2
TCGNA,2
CGNAT,1
GNATC,1
NATCT,1
CGATN,1
NCACC,1
NAACG,2
AACCR,1
ACCRG,1
CCRGA,1
CRGAC,1
RGACG,1
CGNAG,1
GNAGT,1
ATTGY,1
TTGYC,1
TGYCC,1
GYCCG,2
ACtgc,1
Ctgcc,1
tgccg,3
gccgG,1
ccgGT,1
cgGTA,1
gGTAG,1
ACTTN,1
CTTNA,1
TTNAA,1
TNAAA,2
ATCGY,1
TCGYC,1
CGYCG,2
GYCGC,2
YCGCC,1
GATNG,1
ATNGC,1
TNGCC,1
AGGAN,1
AANGC,2
AGGNN,3
TATYG,1
YGATC,1
TGCCn,1
GCCnT,1
CCnTC,1
CnTCC,1
CGNGG,1
GNGGT,1
GTTTM,1
TTTMA,1
AAATa,1
AATac,1
ATacA,1
TacAA,1
acAAG,1
cAAGG,1
AACAN,1
TTTTN,4
AGTTR,1
GTTRC,1
TTRCA,1
RCACT,1
CTCCN,1
NACAG,1
TGCNC,1
TGCTK,1
GCTKC,1
CTKCC,1
TKCCC,1
KCCCG,1
CGAGN,1
ACRCC,1
CRCCA,1
TCAAN,1
CAANA,1
AANAG,2
ANAGT,1
NAGTG,1
CTCAR,1
ARCAT,1
RCATT,1
ATTAg,1
TTAga,1
TAgat,1
AgatA,1
gatAT,1
atATT,1
tATTC,1
TAAGa,1
AAGaA,1
AGaAA,1
GaAAA,1
CTGRT,1
TGRTA,1
GRTAA,1
GCANG,1
CANGC,1
ANGCG,1
NGCGA,3
AATGc,1
ATGcg,1
TGcgg,1
Gcggc,1
cggcg,2
ggcgC,1
gcgCG,1
cgCGG,2
gCGGA,1
CAAGR,1
AGRAA,1
RAAGC,1
GGTCN,2
GTCNN,2
TTTGY,1
TTGYT,1
TGYTA,1
GYTAC,2
YTACG,2
AGTNC,1
GTNCA,1
ACTCN,1
CTCNT,1
TCNTT,1
CNTTA,1
AAGNG,1
GNGCA,1
CTCGY,1
TCGYT,1
AGAAM,1
GAAMC,1
AAMCT,1
AMCTG,1
MCTGA,1
ATCGg,1
TCGgc,1
CGgcG,1
GgcGT,1
gcGTC,1
cGTCA,1
CAGYT,1
AGYTA,1
ATACR,1
TACRC,1
ACRCA,1
CRCAG,2
RCAGA,1
AACRG,1
ACRGT,1
CRGTT,1
RGTTT,1
CCGYC,1
YCGCT,1
CAGCY,1
AGCYG,1
GCYGA,1
CYGAC,1
YGACT,1
ACCTK,1
CCTKG,1
CTKGC,1
TKGCG,1
KGCGA,1
CTCGg,1
TCGgt,1
CGgtc,1
Ggtcg,1
gtcgc,1
tcgcG,1
cgcGT,1
gcGTT,1
cGTTT,1
AYGGT,1
YGGTA,1
ANAGA,1
GCCAR,1
CCARC,1
RCCTA,1
TAGGN,1
NTATT,1
ACGNG,1
CGNGA,1
GNGAT,1
NCAGA,3
TAGNT,1
TCCNT,1
CCNTA,1
CNTAC,1
NTACT,1
CTCAN,1
CANNT,1
ANNTG,1
AGCAR,1
GCARA,1
CARAA,1
ARAAA,1
RAAAA,1
ATTGN,1
NGACC,1
TGTAt,1
GTAtg,1
TAtgc,1
Atgcc,1
gccgT,1
ccgTC,1
cgTCT,1
gTCTG,1
CTTTK,1
TTTKA,1
TTKAA,1
TKAAC,1
KAACC,1
TTGTY,1
TGTYA,1
GTYAG,1
TYAGT,1
YAGTA,2
GGGNT,1
GGNTC,2
GNTCG,2
ACCGN,3
CCGNG,1
GNGCC,1
NAGCG,1
CGCCR,1
GCCRC,1
CCRCA,1
RCAGC,1
TATCN,3
CATNC,1
ATNCA,2
TNCAT,1
NCATC,1
NTCTG,2
ANNNC,1
TGCCM,1
GCCMG,1
CMGGG,2
MGGGC,1
GNNNC,1
TCCTR,1
CCTRG,1
CTRGC,1
TRGCA,1
RGCAT,1
ATGCW,1
TGCWG,1
GCWGC,1
CWGCR,1
WGCRC,1
GCRCG,1
RCGGG,1
TTGCt,1
TGCtT,1
ATAGM,1
TAGMA,1
AGMAA,1
GMAAA,1
MAAAT,1
CACAR,1
ACARG,1
CARGA,1
ARGAT,1
RGATA,1
TCAGS,1
CAGSG,1
AGSGT,1
GSGTA,1
SGTAA,1
ATGNC,1
CTGNG,1
TCTNN,1
NNTCC,2
NTCCC,1
ACACN,1
CCTNG,1
GNTGG,2
CTGAN,2
TCGCn,1
CGCnT,1
GCnTC,1
CnTCA,1
nTCAA,1
TCGTn,1
CGTnA,1
GTnAT,2
TnATC,1
nATCG,1
NGACA,1
TCTGN,1
CTGNA,1
NCTGC,1
CAATR,1
ATRCT,1
TRCTA,1
RCTAA,1
NTCCT,1
CATAN,2
CTCGN,1
TAGGS,1
AGGST,1
GGSTT,1
GSTTC,1
STTCG,1
GCNGT,1
CNGTT,1
NGATT,1
ATGCS,1
TGCSG,1
GCSGT,1
CSGTC,1
SGTCG,1
AATCN,1
NCCCC,1
CTTAY,1
TTAYC,1
TAYCC,1
AYCCT,1
YCCTG,1
TNCAG,1
CGGTn,1
GGTnA,1
TnATA,1
nATAG,1
CGNCA,1
GNCAA,1
ACNNC,1
GAAAn,1
AAAnC,1
AAnCT,1
AnCTA,1
nCTAA,1
NAGAC,1
TGAAK,1
GAAKT,1
AAKTG,1
AKTGA,1
KTGAT,1
CCGGg,1
CGGgg,1
GGggt,1
GggtT,1
ggtTT,1
gtTTT,1
tTTTC,1
NCACG,1
CACTR,1
ACTRT,1
CTRTT,1
RTTGG,1
CNNNA,1
NAGTC,1
TAAAW,1
AAAWA,1
AAWAG,1
AWAGT,1
WAGTC,1
ACGNT,1
GNTGC,1
GAGGN,1
CTCTN,1
TCTNA,1
CTNAA,1
NTAAG,1
AACNG,1
ACNGA,1
CNGAA,1
ATGAR,1
TGARG,2
GARGG,1
ARGGA,1
RGGAG,1
GCANC,1
CANCT,1
ANCTG,1
TCGNC,1
CGNCC,2
GNCCG,2
AACNT,2
CNTTG,1
CATCW,1
TCWGG,1
WGGGG,1
TGCGS,1
GCGSC,1
CGSCC,1
GSCCT,1
SCCTG,1
TGACK,1
GACKC,1
ACKCC,1
CKCCG,1
ACCAc,1
CCAcC,1
CAcCG,1
AcCGC,1
cCGCC,1
AGKCT,1
GKCTG,1
KCTGG,1
AATAN,2
ATANG,1
TANGG,1
ANGGA,1
NGGAC,1
AAGGY,1
AGGYA,1
GGYAG,1
GYAGC,1
YAGCC,1
TTACN,1
NCTCC,1
NAACA,1
ATNNC,1
TNNCC,1
CAGTY,1
AGTYT,1
GGCRC,1
RCATA,1
CAGTn,1
AGTnC,1
GTnCT,1
TnCTT,1
nCTTG,1
GACNA,1
ACNAT,1
ATACN,1
AAANG,1
AAGCK,1
AGCKA,1
GCKAT,1
KATTT,2
CCTTa,1
CTTac,1
TTact,1
Tactt,1
actta,1
cttaC,1
TGGCR,1
GGCRG,1
GCRGC,1
CRGCC,1
RGCCG,1
AAGGn,1
AGGnA,1
GGnAA,1
nAAAC,1
TCGKG,1
CGKGG,1
GKGGT,1
AGTRG,1
GTRGA,1
TRGAT,1
RGATC,1
GCGAn,1
CGAnA,1
GAnAC,1
AnACC,1
nACCT,1
TTTTt,1
TTTtg,1
TTtga,1
Ttgag,1
tgagt,1
gagtt,1
agttt,1
gtttt,1
ttttg,1
tttgc,1
ttgcc,1
gccgc,1
ccgca,1
cgcaa,1
gcaaa,1
caaag,1
aagcg,1
agcgg,1
gcggt,1
cggta,1
ggtag,1
gtaga,1
agagG,1
gagGG,1
agGGC,1
gGGCA,1
AGAGN,1
GAGNG,1
AGNGA,1
CCGNC,1
ATNTT,1
CAATN,1
CCCCn,1
CCCnG,1
CCnGC,1
CnGCA,1
nGCAA,1
TTTAc,1
TTAcg,1
TAcgg,1
Acggc,1
ggcgG,1
gcgGG,1
cgGGA,1
gGGAT,1
AATCM,1
ATCMA,1
TCMAA,1
CMAAG,1
MAAGA,2
NAACT,1
CTACN,1
TACNT,1
ACNTG,1
CNTGC,1
NTGCT,1
GTTCM,1
TTCMT,1
TCMTA,1
CMTAG,1
MTAGC,1
TATCa,1
ATCag,1
TCagC,1
CagCA,1
agCAT,1
gCATG,1
AACTa,1
ACTaC,1
CTaCG,1
TaCGC,1
aCGCA,1
AGGAM,1
GGAMG,1
GAMGG,1
AMGGC,1
MGGCC,1
TATCR,1
ATCRC,1
RCCCC,1
CGTAR,2
GTARC,1
TARCG,1
ARCGC,1
RCGCC,1
GTANG,1
TANGC,1
ANGCA,1
CCCAN,1
GGCAg,1
GCAgt,1
CAgtc,1
Agtcc,1
gtccG,1
tccGA,1
ccGAT,1
cGATG,1
ACTGM,1
CTGMG,1
TGMGC,1
GMGCA,1
MGCAC,1
TGTTN,2
NCGAG,1
ACTGR,1
CTGRC,1
TGRCA,1
GRCAC,1
GCTCM,1
CTCMG,1
TCMGG,1
MGGGT,1
GGGAc,1
GGAca,1
GAcag,1
Acagc,1
cagcT,1
agcTA,1
gcTAT,1
cTATC,1
TCGCN,1
GCAAM,1
CAAMG,1
AAMGC,1
AMGCG,1
MGCGG,1
CCTAc,1
CTAcg,1
TAcgC,1
AcgCG,1
gCGGT,1
TAACN,1
ACTTg,1
CTTgg,1
TTggc,1
TggcT,1
ggcTG,1
cTGGT,1
GCGCY,1
CGCYA,1
GCYAG,1
CYAGT,1
CTCAa,1
TCAac,1
CAacA,1
AacAT,1
acATT,1
cATTG,1
AAGCn,1
AGCnG,1
GCnGA,1
CnGAA,1
nGAAG,1
NAAGT,2
TTGAR,1
GARGC,1
ARGCT,1
AGTTW,1
GTTWT,1
TTWTC,1
TWTCG,1
WTCGA,1
CGGGY,1
GGGYG,1
GGYGC,1
YGCAA,2
TCGGN,2
AACCN,1
TANNG,1
ANNGC,1
ACNTC,1
CCACc,1
CACcg,1
ACcgt,1
CcgtT,1
cgtTG,1
gtTGC,1
tTGCC,1
CGGCY,1
GGCYT,1
GCYTA,1
CYTAC,1
YTACC,1
GAACY,1
AACYG,1
CYGCA,1
GGGGa,1
GGGaa,1
GGaaA,1
GaaAG,1
aaAGG,1
aAGGA,1
AACTN,1
ACTNN,1
NAGAG,1
TNTAT,1
NTATG,1
AGTNT,1
TNTCT,1
NNCAT,1
NCATA,1
NAGGC,1
GTARA,1
TARAT,1
ARATC,1
RATCA,1
TAATN,1
NGAGC,1
TCTGM,1
TGMAA,1
GMAAG,1
AAATt,1
AATta,1
ATtaT,1
TtaTG,1
taTGA,1
aTGAG,1
AAANC,1
AANCA,1
ANCAA,1
GTGAN,1
GTTNA,1
TTNAT,1
TGAGY,1
GAGYC,1
AGYCC,1
YCCGA,1
CGCGt,1
GCGtc,1
CGtca,1
GtcaC,1
tcaCC,1
aCCGT,1
CTTTN,1
TNNNC,1
CTTCY,1
TTCYG,1
TCYGT,1
YGTAC,1
GCAGc,1
CAGcC,1
AGcCC,1
GcCCC,1
cCCCC,1
NGTAA,1
GAAGN,1
ACCCN,1
CTTCM,1
TTCMC,1
TCMCG,1
CMCGG,1
MCGGG,1
NNACC,3
NACCG,1
TAAAN,1
CGNNG,1
GNNGC,1
GGGAN,1
GGANT,1
NTTAC,1
NACCT,1
CCCTK,1
CCTKA,1
CTKAT,1
TKATT,1
